directed_edge_id,from_id,to_id,distance,slope_type,base_cost,weather,cargo,weather_factor,cargo_factor,context_cost,source_edge_id
DE001,20,1,425,slight_up,0.821,sunny,small,1,1,0.821,E001
DE002,1,20,425,slight_down,0.582,sunny,small,1,1,0.582,E001
DE003,21,20,424,slight_up,0.82,sunny,small,1,1,0.82,E002
DE004,20,21,424,slight_down,0.581,sunny,small,1,1,0.581,E002
DE005,20,22,390,flat,0.628,sunny,small,1,1,0.628,E003
DE006,22,20,390,flat,0.628,sunny,small,1,1,0.628,E003
DE007,7,21,692,flat,1.115,sunny,small,1,1,1.115,E004
DE008,21,7,692,flat,1.115,sunny,small,1,1,1.115,E004
DE009,1,2,94,slight_up,0.182,sunny,small,1,1,0.182,E005
DE010,2,1,94,slight_down,0.129,sunny,small,1,1,0.129,E005
DE011,2,23,204,slight_up,0.394,sunny,small,1,1,0.394,E006
DE012,23,2,204,slight_down,0.279,sunny,small,1,1,0.279,E006
DE013,5,22,66,flat,0.106,sunny,small,1,1,0.106,E007
DE014,22,5,66,flat,0.106,sunny,small,1,1,0.106,E007
DE015,6,22,136,flat,0.219,sunny,small,1,1,0.219,E008
DE016,22,6,136,flat,0.219,sunny,small,1,1,0.219,E008
DE017,4,23,41,slight_up,0.079,sunny,small,1,1,0.079,E009
DE018,23,4,41,slight_down,0.056,sunny,small,1,1,0.056,E009
DE019,23,24,21,slight_up,0.041,sunny,small,1,1,0.041,E010
DE020,24,23,21,slight_down,0.029,sunny,small,1,1,0.029,E010
DE021,25,4,22,slight_up,0.043,sunny,small,1,1,0.043,E011
DE022,4,25,22,slight_down,0.03,sunny,small,1,1,0.03,E011
DE023,25,26,168,flat,0.271,sunny,small,1,1,0.271,E012
DE024,26,25,168,flat,0.271,sunny,small,1,1,0.271,E012
DE025,24,3,106,steep_up,0.256,sunny,small,1,1,0.256,E013
DE026,3,24,106,steep_down,0.128,sunny,small,1,1,0.128,E013
DE027,24,27,308,slight_up,0.595,sunny,small,1,1,0.595,E014
DE028,27,24,308,slight_down,0.422,sunny,small,1,1,0.422,E014
DE029,6,26,170,flat,0.274,sunny,small,1,1,0.274,E015
DE030,26,6,170,flat,0.274,sunny,small,1,1,0.274,E015
DE031,26,28,160,slight_up,0.309,sunny,small,1,1,0.309,E016
DE032,28,26,160,slight_down,0.219,sunny,small,1,1,0.219,E016
DE033,6,29,135,flat,0.217,sunny,small,1,1,0.217,E017
DE034,29,6,135,flat,0.217,sunny,small,1,1,0.217,E017
DE035,28,27,239,slight_up,0.462,sunny,small,1,1,0.462,E018
DE036,27,28,239,slight_down,0.327,sunny,small,1,1,0.327,E018
DE037,27,30,94,slight_up,0.182,sunny,small,1,1,0.182,E019
DE038,30,27,94,slight_down,0.129,sunny,small,1,1,0.129,E019
DE039,29,28,257,slight_up,0.497,sunny,small,1,1,0.497,E020
DE040,28,29,257,slight_down,0.352,sunny,small,1,1,0.352,E020
DE041,9,28,255,flat,0.411,sunny,small,1,1,0.411,E021
DE042,28,9,255,flat,0.411,sunny,small,1,1,0.411,E021
DE043,7,29,332,slight_up,0.642,sunny,small,1,1,0.642,E022
DE044,29,7,332,slight_down,0.455,sunny,small,1,1,0.455,E022
DE045,29,31,290,flat,0.467,sunny,small,1,1,0.467,E023
DE046,31,29,290,flat,0.467,sunny,small,1,1,0.467,E023
DE047,7,32,257,flat,0.414,sunny,small,1,1,0.414,E024
DE048,32,7,257,flat,0.414,sunny,small,1,1,0.414,E024
DE049,8,33,701,slight_up,1.355,sunny,small,1,1,1.355,E025
DE050,33,8,701,slight_down,0.96,sunny,small,1,1,0.96,E025
DE051,34,8,47,steep_up,0.114,sunny,small,1,1,0.114,E026
DE052,8,34,47,steep_down,0.057,sunny,small,1,1,0.057,E026
DE053,30,34,66,steep_up,0.159,sunny,small,1,1,0.159,E027
DE054,34,30,66,steep_down,0.08,sunny,small,1,1,0.08,E027
DE055,30,35,196,slight_up,0.379,sunny,small,1,1,0.379,E028
DE056,35,30,196,slight_down,0.268,sunny,small,1,1,0.268,E028
DE057,9,35,166,slight_up,0.321,sunny,small,1,1,0.321,E029
DE058,35,9,166,slight_down,0.227,sunny,small,1,1,0.227,E029
DE059,36,35,636,slight_up,1.229,sunny,small,1,1,1.229,E030
DE060,35,36,636,slight_down,0.871,sunny,small,1,1,0.871,E030
DE061,31,9,185,slight_up,0.358,sunny,small,1,1,0.358,E031
DE062,9,31,185,slight_down,0.253,sunny,small,1,1,0.253,E031
DE063,37,31,46,slight_up,0.089,sunny,small,1,1,0.089,E032
DE064,31,37,46,slight_down,0.063,sunny,small,1,1,0.063,E032
DE065,32,37,378,slight_up,0.731,sunny,small,1,1,0.731,E033
DE066,37,32,378,slight_down,0.518,sunny,small,1,1,0.518,E033
DE067,37,10,161,slight_up,0.311,sunny,small,1,1,0.311,E034
DE068,10,37,161,slight_down,0.22,sunny,small,1,1,0.22,E034
DE069,13,32,541,flat,0.871,sunny,small,1,1,0.871,E035
DE070,32,13,541,flat,0.871,sunny,small,1,1,0.871,E035
DE071,9,38,610,slight_up,1.179,sunny,small,1,1,1.179,E036
DE072,38,9,610,slight_down,0.835,sunny,small,1,1,0.835,E036
DE073,10,12,205,slight_up,0.396,sunny,small,1,1,0.396,E037
DE074,12,10,205,slight_down,0.281,sunny,small,1,1,0.281,E037
DE075,33,11,86,steep_up,0.208,sunny,small,1,1,0.208,E038
DE076,11,33,86,steep_down,0.104,sunny,small,1,1,0.104,E038
DE077,39,33,42,steep_up,0.101,sunny,small,1,1,0.101,E039
DE078,33,39,42,steep_down,0.051,sunny,small,1,1,0.051,E039
DE079,14,39,148,slight_up,0.286,sunny,small,1,1,0.286,E040
DE080,39,14,148,slight_down,0.203,sunny,small,1,1,0.203,E040
DE081,12,40,88,slight_up,0.17,sunny,small,1,1,0.17,E041
DE082,40,12,88,slight_down,0.12,sunny,small,1,1,0.12,E041
DE083,11,41,333,flat,0.536,sunny,small,1,1,0.536,E042
DE084,41,11,333,flat,0.536,sunny,small,1,1,0.536,E042
DE085,13,40,264,slight_up,0.51,sunny,small,1,1,0.51,E043
DE086,40,13,264,slight_down,0.361,sunny,small,1,1,0.361,E043
DE087,40,42,64,slight_up,0.124,sunny,small,1,1,0.124,E044
DE088,42,40,64,slight_down,0.088,sunny,small,1,1,0.088,E044
DE089,13,43,35,flat,0.056,sunny,small,1,1,0.056,E045
DE090,43,13,35,flat,0.056,sunny,small,1,1,0.056,E045
DE091,36,14,43,slight_up,0.083,sunny,small,1,1,0.083,E046
DE092,14,36,43,slight_down,0.059,sunny,small,1,1,0.059,E046
DE093,44,36,110,slight_up,0.213,sunny,small,1,1,0.213,E047
DE094,36,44,110,slight_down,0.151,sunny,small,1,1,0.151,E047
DE095,38,44,128,slight_up,0.247,sunny,small,1,1,0.247,E048
DE096,44,38,128,slight_down,0.175,sunny,small,1,1,0.175,E048
DE097,44,45,80,flat,0.129,sunny,small,1,1,0.129,E049
DE098,45,44,80,flat,0.129,sunny,small,1,1,0.129,E049
DE099,46,38,76,slight_up,0.147,sunny,small,1,1,0.147,E050
DE100,38,46,76,slight_down,0.104,sunny,small,1,1,0.104,E050
DE101,42,46,228,slight_up,0.441,sunny,small,1,1,0.441,E051
DE102,46,42,228,slight_down,0.312,sunny,small,1,1,0.312,E051
DE103,15,46,50,flat,0.081,sunny,small,1,1,0.081,E052
DE104,46,15,50,flat,0.081,sunny,small,1,1,0.081,E052
DE105,47,42,138,slight_up,0.267,sunny,small,1,1,0.267,E053
DE106,42,47,138,slight_down,0.189,sunny,small,1,1,0.189,E053
DE107,42,48,234,flat,0.377,sunny,small,1,1,0.377,E054
DE108,48,42,234,flat,0.377,sunny,small,1,1,0.377,E054
DE109,43,47,240,slight_up,0.464,sunny,small,1,1,0.464,E055
DE110,47,43,240,slight_down,0.329,sunny,small,1,1,0.329,E055
DE111,47,49,234,flat,0.377,sunny,small,1,1,0.377,E056
DE112,49,47,234,flat,0.377,sunny,small,1,1,0.377,E056
DE113,14,50,155,slight_up,0.3,sunny,small,1,1,0.3,E057
DE114,50,14,155,slight_down,0.212,sunny,small,1,1,0.212,E057
DE115,15,45,131,slight_up,0.253,sunny,small,1,1,0.253,E058
DE116,45,15,131,slight_down,0.179,sunny,small,1,1,0.179,E058
DE117,45,51,104,slight_up,0.201,sunny,small,1,1,0.201,E059
DE118,51,45,104,slight_down,0.142,sunny,small,1,1,0.142,E059
DE119,52,15,55,slight_up,0.106,sunny,small,1,1,0.106,E060
DE120,15,52,55,slight_down,0.075,sunny,small,1,1,0.075,E060
DE121,52,53,154,flat,0.248,sunny,small,1,1,0.248,E061
DE122,53,52,154,flat,0.248,sunny,small,1,1,0.248,E061
DE123,41,16,50,steep_up,0.121,sunny,small,1,1,0.121,E062
DE124,16,41,50,steep_down,0.06,sunny,small,1,1,0.06,E062
DE125,50,41,200,steep_up,0.483,sunny,small,1,1,0.483,E063
DE126,41,50,200,steep_down,0.242,sunny,small,1,1,0.242,E063
DE127,51,50,204,slight_up,0.394,sunny,small,1,1,0.394,E064
DE128,50,51,204,slight_down,0.279,sunny,small,1,1,0.279,E064
DE129,51,54,50,slight_up,0.097,sunny,small,1,1,0.097,E065
DE130,54,51,50,slight_down,0.068,sunny,small,1,1,0.068,E065
DE131,17,16,50,slight_up,0.097,sunny,small,1,1,0.097,E066
DE132,16,17,50,slight_down,0.068,sunny,small,1,1,0.068,E066
DE133,53,54,330,slight_up,0.638,sunny,small,1,1,0.638,E067
DE134,54,53,330,slight_down,0.452,sunny,small,1,1,0.452,E067
DE135,54,55,64,slight_up,0.124,sunny,small,1,1,0.124,E068
DE136,55,54,64,slight_down,0.088,sunny,small,1,1,0.088,E068
DE137,48,53,102,slight_up,0.197,sunny,small,1,1,0.197,E069
DE138,53,48,102,slight_down,0.14,sunny,small,1,1,0.14,E069
DE139,53,56,424,flat,0.683,sunny,small,1,1,0.683,E070
DE140,56,53,424,flat,0.683,sunny,small,1,1,0.683,E070
DE141,49,48,138,slight_up,0.267,sunny,small,1,1,0.267,E071
DE142,48,49,138,slight_down,0.189,sunny,small,1,1,0.189,E071
DE143,18,48,393,flat,0.633,sunny,small,1,1,0.633,E072
DE144,48,18,393,flat,0.633,sunny,small,1,1,0.633,E072
DE145,49,57,426,flat,0.686,sunny,small,1,1,0.686,E073
DE146,57,49,426,flat,0.686,sunny,small,1,1,0.686,E073
DE147,55,17,362,steep_up,0.875,sunny,small,1,1,0.875,E074
DE148,17,55,362,steep_down,0.437,sunny,small,1,1,0.437,E074
DE149,55,58,360,steep_up,0.87,sunny,small,1,1,0.87,E075
DE150,58,55,360,steep_down,0.435,sunny,small,1,1,0.435,E075
DE151,59,17,449,slight_up,0.868,sunny,small,1,1,0.868,E076
DE152,17,59,449,slight_down,0.615,sunny,small,1,1,0.615,E076
DE153,56,58,330,steep_up,0.797,sunny,small,1,1,0.797,E077
DE154,58,56,330,steep_down,0.399,sunny,small,1,1,0.399,E077
DE155,19,58,88,slight_up,0.17,sunny,small,1,1,0.17,E078
DE156,58,19,88,slight_down,0.12,sunny,small,1,1,0.12,E078
DE157,18,56,51,slight_up,0.099,sunny,small,1,1,0.099,E079
DE158,56,18,51,slight_down,0.07,sunny,small,1,1,0.07,E079
DE159,19,59,391,slight_up,0.756,sunny,small,1,1,0.756,E080
DE160,59,19,391,slight_down,0.535,sunny,small,1,1,0.535,E080
DE161,25,5,191,flat,0.308,sunny,small,1,1,0.308,E081
DE162,5,25,191,flat,0.308,sunny,small,1,1,0.308,E081
