from_id,to_id,cost
1,1,0
1,2,0.182
1,3,0.873
1,4,0.632
1,5,0.97
1,6,1.207
1,7,1.879
1,8,1.667
1,9,1.653
1,10,2.265
1,11,3.23
1,12,2.661
1,13,3.164
1,14,2.727
1,15,3.017
1,16,3.631
1,17,3.699
1,18,3.965
1,19,4.336
1,20,0.582
1,21,1.163
1,22,1.076
1,23,0.576
1,24,0.617
1,25,0.662
1,26,0.933
1,27,1.212
1,28,1.242
1,29,1.424
1,30,1.394
1,31,1.891
1,32,2.293
1,33,3.022
1,34,1.553
1,35,1.773
1,36,2.644
1,37,1.954
1,38,2.832
1,39,3.013
1,40,2.831
1,41,3.51
1,42,2.955
1,43,3.22
1,44,2.795
1,45,2.924
1,46,2.936
1,47,3.144
1,48,3.332
1,49,3.521
1,50,3.027
1,51,3.125
1,52,3.092
1,53,3.34
1,54,3.222
1,55,3.346
1,56,4.023
1,57,4.207
1,58,4.216
1,59,4.314
2,1,0.129
2,2,0
2,3,0.691
2,4,0.45
2,5,0.788
2,6,1.025
2,7,1.697
2,8,1.485
2,9,1.471
2,10,2.083
2,11,3.048
2,12,2.479
2,13,2.982
2,14,2.545
2,15,2.835
2,16,3.449
2,17,3.517
2,18,3.783
2,19,4.154
2,20,0.711
2,21,1.292
2,22,0.894
2,23,0.394
2,24,0.435
2,25,0.48
2,26,0.751
2,27,1.03
2,28,1.06
2,29,1.242
2,30,1.212
2,31,1.709
2,32,2.111
2,33,2.84
2,34,1.371
2,35,1.591
2,36,2.462
2,37,1.772
2,38,2.65
2,39,2.831
2,40,2.649
2,41,3.328
2,42,2.773
2,43,3.038
2,44,2.613
2,45,2.742
2,46,2.754
2,47,2.962
2,48,3.15
2,49,3.339
2,50,2.845
2,51,2.943
2,52,2.91
2,53,3.158
2,54,3.04
2,55,3.164
2,56,3.841
2,57,4.025
2,58,4.034
2,59,4.132
3,1,0.565
3,2,0.436
3,3,0
3,4,0.213
3,5,0.551
3,6,0.788
3,7,1.46
3,8,1.178
3,9,1.234
3,10,1.846
3,11,2.741
3,12,2.242
3,13,2.745
3,14,2.238
3,15,2.598
3,16,3.142
3,17,3.21
3,18,3.546
3,19,3.847
3,20,1.147
3,21,1.728
3,22,0.657
3,23,0.157
3,24,0.128
3,25,0.243
3,26,0.514
3,27,0.723
3,28,0.823
3,29,1.005
3,30,0.905
3,31,1.472
3,32,1.874
3,33,2.533
3,34,1.064
3,35,1.284
3,36,2.155
3,37,1.535
3,38,2.413
3,39,2.524
3,40,2.412
3,41,3.021
3,42,2.536
3,43,2.801
3,44,2.306
3,45,2.435
3,46,2.517
3,47,2.725
3,48,2.913
3,49,3.102
3,50,2.538
3,51,2.636
3,52,2.673
3,53,2.921
3,54,2.733
3,55,2.857
3,56,3.604
3,57,3.788
3,58,3.727
3,59,3.825
4,1,0.487
4,2,0.358
4,3,0.376
4,4,0
4,5,0.338
4,6,0.575
4,7,1.247
4,8,1.17
4,9,1.021
4,10,1.633
4,11,2.733
4,12,2.029
4,13,2.532
4,14,2.23
4,15,2.385
4,16,3.134
4,17,3.202
4,18,3.333
4,19,3.839
4,20,1.069
4,21,1.65
4,22,0.444
4,23,0.079
4,24,0.12
4,25,0.03
4,26,0.301
4,27,0.715
4,28,0.61
4,29,0.792
4,30,0.897
4,31,1.259
4,32,1.661
4,33,2.525
4,34,1.056
4,35,1.276
4,36,2.147
4,37,1.322
4,38,2.2
4,39,2.516
4,40,2.199
4,41,3.013
4,42,2.323
4,43,2.588
4,44,2.298
4,45,2.427
4,46,2.304
4,47,2.512
4,48,2.7
4,49,2.889
4,50,2.53
4,51,2.628
4,52,2.46
4,53,2.708
4,54,2.725
4,55,2.849
4,56,3.391
4,57,3.575
4,58,3.719
4,59,3.817
5,1,0.838
5,2,0.709
5,3,0.727
5,4,0.351
5,5,0
5,6,0.325
5,7,0.997
5,8,1.521
5,9,1.299
5,10,1.383
5,11,3.084
5,12,1.779
5,13,2.282
5,14,2.574
5,15,2.595
5,16,3.478
5,17,3.546
5,18,3.083
5,19,4.099
5,20,0.734
5,21,1.315
5,22,0.106
5,23,0.43
5,24,0.471
5,25,0.308
5,26,0.579
5,27,1.066
5,28,0.888
5,29,0.542
5,30,1.248
5,31,1.009
5,32,1.411
5,33,2.876
5,34,1.407
5,35,1.62
5,36,2.491
5,37,1.072
5,38,2.478
5,39,2.86
5,40,1.949
5,41,3.357
5,42,2.073
5,43,2.338
5,44,2.642
5,45,2.771
5,46,2.514
5,47,2.262
5,48,2.45
5,49,2.639
5,50,2.874
5,51,2.972
5,52,2.67
5,53,2.647
5,54,3.069
5,55,3.193
5,56,3.182
5,57,3.325
5,58,3.979
5,59,4.161
6,1,1.075
6,2,0.946
6,3,0.964
6,4,0.588
6,5,0.325
6,6,0
6,7,0.672
6,8,1.5
6,9,0.994
6,10,1.058
6,11,2.864
6,12,1.454
6,13,1.957
6,14,2.269
6,15,2.27
6,16,3.173
6,17,3.241
6,18,2.758
6,19,3.774
6,20,0.847
6,21,1.428
6,22,0.219
6,23,0.667
6,24,0.708
6,25,0.545
6,26,0.274
6,27,1.045
6,28,0.583
6,29,0.217
6,30,1.227
6,31,0.684
6,32,1.086
6,33,2.656
6,34,1.386
6,35,1.315
6,36,2.186
6,37,0.747
6,38,2.173
6,39,2.555
6,40,1.624
6,41,3.052
6,42,1.748
6,43,2.013
6,44,2.337
6,45,2.466
6,46,2.189
6,47,1.937
6,48,2.125
6,49,2.314
6,50,2.569
6,51,2.667
6,52,2.345
6,53,2.322
6,54,2.764
6,55,2.888
6,56,2.857
6,57,3
6,58,3.654
6,59,3.856
7,1,1.934
7,2,1.805
7,3,1.823
7,4,1.447
7,5,1.184
7,6,0.859
7,7,0
7,8,2.056
7,9,1.467
7,10,1.456
7,11,3.337
7,12,1.852
7,13,1.285
7,14,2.742
7,15,2.441
7,16,3.646
7,17,3.714
7,18,2.929
7,19,3.945
7,20,1.706
7,21,1.115
7,22,1.078
7,23,1.526
7,24,1.567
7,25,1.404
7,26,1.133
7,27,1.601
7,28,1.139
7,29,0.642
7,30,1.783
7,31,1.109
7,32,0.414
7,33,3.129
7,34,1.942
7,35,1.788
7,36,2.659
7,37,1.145
7,38,2.507
7,39,3.028
7,40,1.795
7,41,3.525
7,42,1.919
7,43,1.341
7,44,2.754
7,45,2.694
7,46,2.36
7,47,1.805
7,48,2.296
7,49,2.182
7,50,3.042
7,51,2.895
7,52,2.516
7,53,2.493
7,54,2.992
7,55,3.116
7,56,3.028
7,57,2.868
7,58,3.825
7,59,4.329
8,1,1.125
8,2,0.996
8,3,0.944
8,4,0.773
8,5,1.111
8,6,1.086
8,7,1.4
8,8,0
8,9,0.743
8,10,1.37
8,11,1.563
8,12,1.766
8,13,2.297
8,14,1.47
8,15,1.846
8,16,2.22
8,17,2.288
8,18,2.922
8,19,3.079
8,20,1.707
8,21,2.288
8,22,1.217
8,23,0.717
8,24,0.688
8,25,0.803
8,26,0.812
8,27,0.266
8,28,0.593
8,29,0.945
8,30,0.137
8,31,0.996
8,32,1.577
8,33,1.355
8,34,0.057
8,35,0.516
8,36,1.387
8,37,1.059
8,38,1.713
8,39,1.406
8,40,1.936
8,41,2.099
8,42,2.06
8,43,2.353
8,44,1.538
8,45,1.667
8,46,1.817
8,47,2.249
8,48,2.309
8,49,2.498
8,50,1.77
8,51,1.868
8,52,1.921
8,53,2.169
8,54,1.965
8,55,2.089
8,56,2.852
8,57,3.184
8,58,2.959
8,59,2.903
9,1,1.431
9,2,1.302
9,3,1.32
9,4,0.944
9,5,1.209
9,6,0.904
9,7,1.175
9,8,0.862
9,9,0
9,10,0.627
9,11,1.87
9,12,1.023
9,13,1.554
9,14,1.275
9,15,1.364
9,16,2.179
9,17,2.247
9,18,2.327
9,19,2.884
9,20,1.751
9,21,2.29
9,22,1.123
9,23,1.023
9,24,1.064
9,25,0.901
9,26,0.63
9,27,0.718
9,28,0.411
9,29,0.72
9,30,0.589
9,31,0.253
9,32,0.834
9,33,1.662
9,34,0.748
9,35,0.321
9,36,1.192
9,37,0.316
9,38,1.179
9,39,1.561
9,40,1.193
9,41,2.058
9,42,1.317
9,43,1.61
9,44,1.343
9,45,1.472
9,46,1.283
9,47,1.506
9,48,1.694
9,49,1.883
9,50,1.575
9,51,1.673
9,52,1.439
9,53,1.687
9,54,1.77
9,55,1.894
9,56,2.37
9,57,2.569
9,58,2.764
9,59,2.862
10,1,2.068
10,2,1.939
10,3,1.957
10,4,1.581
10,5,1.318
10,6,0.993
10,7,1.152
10,8,1.529
10,9,0.667
10,10,0
10,11,2.416
10,12,0.396
10,13,0.927
10,14,1.821
10,15,1.212
10,16,2.664
10,17,2.732
10,18,1.7
10,19,2.716
10,20,1.84
10,21,2.267
10,22,1.212
10,23,1.66
10,24,1.701
10,25,1.538
10,26,1.267
10,27,1.385
10,28,1.078
10,29,0.776
10,30,1.256
10,31,0.309
10,32,0.738
10,33,2.208
10,34,1.415
10,35,0.988
10,36,1.738
10,37,0.22
10,38,1.278
10,39,2.107
10,40,0.566
10,41,2.543
10,42,0.69
10,43,0.983
10,44,1.525
10,45,1.465
10,46,1.131
10,47,0.879
10,48,1.067
10,49,1.256
10,50,2.06
10,51,1.666
10,52,1.287
10,53,1.264
10,54,1.763
10,55,1.887
10,56,1.799
10,57,1.942
10,58,2.596
10,59,3.347
11,1,2.189
11,2,2.06
11,3,2.008
11,4,1.837
11,5,2.175
11,6,2.15
11,7,2.464
11,8,1.064
11,9,1.578
11,10,1.648
11,11,0
11,12,1.367
11,13,1.608
11,14,0.358
11,15,0.876
11,16,0.657
11,17,0.725
11,18,1.952
11,19,1.875
11,20,2.771
11,21,3.352
11,22,2.281
11,23,1.781
11,24,1.752
11,25,1.867
11,26,1.876
11,27,1.33
11,28,1.657
11,29,2.009
11,30,1.201
11,31,1.831
11,32,2.386
11,33,0.104
11,34,1.121
11,35,1.58
11,36,0.417
11,37,1.868
11,38,0.743
11,39,0.155
11,40,1.247
11,41,0.536
11,42,1.159
11,43,1.664
11,44,0.568
11,45,0.697
11,46,0.847
11,47,1.348
11,48,1.339
11,49,1.528
11,50,0.658
11,51,0.898
11,52,0.951
11,53,1.199
11,54,0.995
11,55,1.119
11,56,1.882
11,57,2.214
11,58,1.989
11,59,1.34
12,1,2.349
12,2,2.22
12,3,2.238
12,4,1.862
12,5,1.599
12,6,1.274
12,7,1.433
12,8,1.81
12,9,0.948
12,10,0.281
12,11,2.02
12,12,0
12,13,0.531
12,14,1.425
12,15,0.816
12,16,2.268
12,17,2.336
12,18,1.304
12,19,2.32
12,20,2.121
12,21,2.548
12,22,1.493
12,23,1.941
12,24,1.982
12,25,1.819
12,26,1.548
12,27,1.666
12,28,1.359
12,29,1.057
12,30,1.537
12,31,0.59
12,32,1.019
12,33,1.812
12,34,1.696
12,35,1.269
12,36,1.342
12,37,0.501
12,38,0.882
12,39,1.711
12,40,0.17
12,41,2.147
12,42,0.294
12,43,0.587
12,44,1.129
12,45,1.069
12,46,0.735
12,47,0.483
12,48,0.671
12,49,0.86
12,50,1.664
12,51,1.27
12,52,0.891
12,53,0.868
12,54,1.367
12,55,1.491
12,56,1.403
12,57,1.546
12,58,2.2
12,59,2.951
13,1,2.979
13,2,2.85
13,3,2.868
13,4,2.492
13,5,2.229
13,6,1.904
13,7,1.285
13,8,2.44
13,9,1.578
13,10,0.911
13,11,2.36
13,12,0.63
13,13,0
13,14,1.765
13,15,1.156
13,16,2.608
13,17,2.676
13,18,1.644
13,19,2.66
13,20,2.751
13,21,2.4
13,22,2.123
13,23,2.571
13,24,2.612
13,25,2.449
13,26,2.178
13,27,2.296
13,28,1.989
13,29,1.687
13,30,2.167
13,31,1.22
13,32,0.871
13,33,2.152
13,34,2.326
13,35,1.899
13,36,1.682
13,37,1.131
13,38,1.222
13,39,2.051
13,40,0.51
13,41,2.487
13,42,0.634
13,43,0.056
13,44,1.469
13,45,1.409
13,46,1.075
13,47,0.52
13,48,1.011
13,49,0.897
13,50,2.004
13,51,1.61
13,52,1.231
13,53,1.208
13,54,1.707
13,55,1.831
13,56,1.743
13,57,1.583
13,58,2.54
13,59,3.291
14,1,2.472
14,2,2.343
14,3,2.291
14,4,2.12
14,5,2.429
14,6,2.124
14,7,2.395
14,8,1.347
14,9,1.22
14,10,1.29
14,11,0.595
14,12,1.009
14,13,1.25
14,14,0
14,15,0.518
14,16,0.904
14,17,0.972
14,18,1.594
14,19,1.751
14,20,2.971
14,21,3.51
14,22,2.343
14,23,2.064
14,24,2.035
14,25,2.121
14,26,1.85
14,27,1.613
14,28,1.631
14,29,1.94
14,30,1.484
14,31,1.473
14,32,2.028
14,33,0.387
14,34,1.404
14,35,1.288
14,36,0.059
14,37,1.51
14,38,0.385
14,39,0.286
14,40,0.889
14,41,0.783
14,42,0.801
14,43,1.306
14,44,0.21
14,45,0.339
14,46,0.489
14,47,0.99
14,48,0.981
14,49,1.17
14,50,0.3
14,51,0.54
14,52,0.593
14,53,0.841
14,54,0.637
14,55,0.761
14,56,1.524
14,57,1.856
14,58,1.631
14,59,1.587
15,1,2.494
15,2,2.365
15,3,2.383
15,4,2.007
15,5,2.2
15,6,1.875
15,7,2.034
15,8,1.925
15,9,1.063
15,10,0.882
15,11,1.273
15,12,0.601
15,13,0.842
15,14,0.678
15,15,0
15,16,1.452
15,17,1.52
15,18,1.076
15,19,1.665
15,20,2.722
15,21,3.149
15,22,2.094
15,23,2.086
15,24,2.127
15,25,1.964
15,26,1.693
15,27,1.781
15,28,1.474
15,29,1.658
15,30,1.652
15,31,1.191
15,32,1.62
15,33,1.065
15,34,1.811
15,35,1.384
15,36,0.595
15,37,1.102
15,38,0.228
15,39,0.964
15,40,0.481
15,41,1.331
15,42,0.393
15,43,0.898
15,44,0.382
15,45,0.253
15,46,0.081
15,47,0.582
15,48,0.463
15,49,0.652
15,50,0.848
15,51,0.454
15,52,0.075
15,53,0.323
15,54,0.551
15,55,0.675
15,56,1.006
15,57,1.338
15,58,1.545
15,59,2.135
16,1,2.785
16,2,2.656
16,3,2.604
16,4,2.433
16,5,2.771
16,6,2.638
16,7,2.909
16,8,1.66
16,9,1.734
16,10,1.784
16,11,0.596
16,12,1.503
16,13,1.744
16,14,0.514
16,15,0.902
16,16,0
16,17,0.068
16,18,1.798
16,19,1.218
16,20,3.367
16,21,3.948
16,22,2.857
16,23,2.377
16,24,2.348
16,25,2.463
16,26,2.364
16,27,1.926
16,28,2.145
16,29,2.454
16,30,1.797
16,31,1.987
16,32,2.522
16,33,0.7
16,34,1.717
16,35,1.802
16,36,0.573
16,37,2.004
16,38,0.899
16,39,0.751
16,40,1.383
16,41,0.06
16,42,1.295
16,43,1.8
16,44,0.724
16,45,0.723
16,46,0.983
16,47,1.484
16,48,1.185
16,49,1.374
16,50,0.302
16,51,0.581
16,52,0.977
16,53,1.045
16,54,0.593
16,55,0.505
16,56,1.728
16,57,2.06
16,58,1.375
16,59,0.683
17,1,2.882
17,2,2.753
17,3,2.701
17,4,2.53
17,5,2.868
17,6,2.735
17,7,2.948
17,8,1.757
17,9,1.831
17,10,1.796
17,11,0.693
17,12,1.515
17,13,1.756
17,14,0.611
17,15,0.914
17,16,0.097
17,17,0
17,18,1.73
17,19,1.15
17,20,3.464
17,21,4.045
17,22,2.954
17,23,2.474
17,24,2.445
17,25,2.56
17,26,2.461
17,27,2.023
17,28,2.242
17,29,2.551
17,30,1.894
17,31,2.084
17,32,2.534
17,33,0.797
17,34,1.814
17,35,1.899
17,36,0.67
17,37,2.016
17,38,0.996
17,39,0.848
17,40,1.395
17,41,0.157
17,42,1.307
17,43,1.812
17,44,0.821
17,45,0.735
17,46,0.995
17,47,1.496
17,48,1.117
17,49,1.306
17,50,0.399
17,51,0.593
17,52,0.989
17,53,0.977
17,54,0.525
17,55,0.437
17,56,1.66
17,57,1.992
17,58,1.307
17,59,0.615
18,1,3.567
18,2,3.438
18,3,3.456
18,4,3.08
18,5,2.817
18,6,2.492
18,7,2.651
18,8,3.028
18,9,2.166
18,10,1.499
18,11,2.409
18,12,1.218
18,13,1.459
18,14,1.814
18,15,1.136
18,16,2.303
18,17,2.206
18,18,0
18,19,1.016
18,20,3.339
18,21,3.766
18,22,2.711
18,23,3.159
18,24,3.2
18,25,3.037
18,26,2.766
18,27,2.884
18,28,2.577
18,29,2.275
18,30,2.755
18,31,1.808
18,32,2.237
18,33,2.201
18,34,2.914
18,35,2.487
18,36,1.731
18,37,1.719
18,38,1.364
18,39,2.1
18,40,1.098
18,41,2.363
18,42,1.01
18,43,1.515
18,44,1.518
18,45,1.389
18,46,1.217
18,47,1.199
18,48,0.633
18,49,0.822
18,50,1.881
18,51,1.487
18,52,1.03
18,53,0.782
18,54,1.419
18,55,1.331
18,56,0.099
18,57,1.508
18,58,0.896
18,59,1.772
19,1,3.473
19,2,3.344
19,3,3.362
19,4,2.986
19,5,3.251
19,6,2.946
19,7,3.116
19,8,2.675
19,9,2.042
19,10,1.964
19,11,1.923
19,12,1.683
19,13,1.924
19,14,1.328
19,15,1.082
19,16,1.577
19,17,1.48
19,18,0.639
19,19,0
19,20,3.793
19,21,4.231
19,22,3.165
19,23,3.065
19,24,3.106
19,25,2.943
19,26,2.672
19,27,2.76
19,28,2.453
19,29,2.74
19,30,2.631
19,31,2.273
19,32,2.702
19,33,1.715
19,34,2.732
19,35,2.363
19,36,1.245
19,37,2.184
19,38,1.207
19,39,1.614
19,40,1.563
19,41,1.637
19,42,1.475
19,43,1.98
19,44,1.032
19,45,0.903
19,46,1.163
19,47,1.664
19,48,1.272
19,49,1.461
19,50,1.155
19,51,0.761
19,52,1.157
19,53,1.145
19,54,0.693
19,55,0.605
19,56,0.569
19,57,2.147
19,58,0.17
19,59,0.756
20,1,0.821
20,2,1.003
20,3,1.461
20,4,1.085
20,5,0.734
20,6,0.847
20,7,1.519
20,8,2.255
20,9,1.841
20,10,1.905
20,11,3.711
20,12,2.301
20,13,2.804
20,14,3.116
20,15,3.117
20,16,4.02
20,17,4.088
20,18,3.605
20,19,4.621
20,20,0
20,21,0.581
20,22,0.628
20,23,1.164
20,24,1.205
20,25,1.042
20,26,1.121
20,27,1.8
20,28,1.43
20,29,1.064
20,30,1.982
20,31,1.531
20,32,1.933
20,33,3.503
20,34,2.141
20,35,2.162
20,36,3.033
20,37,1.594
20,38,3.02
20,39,3.402
20,40,2.471
20,41,3.899
20,42,2.595
20,43,2.86
20,44,3.184
20,45,3.313
20,46,3.036
20,47,2.784
20,48,2.972
20,49,3.161
20,50,3.416
20,51,3.514
20,52,3.192
20,53,3.169
20,54,3.611
20,55,3.735
20,56,3.704
20,57,3.847
20,58,4.501
20,59,4.703
21,1,1.641
21,2,1.823
21,3,2.281
21,4,1.905
21,5,1.554
21,6,1.667
21,7,1.115
21,8,3.075
21,9,2.582
21,10,2.571
21,11,4.452
21,12,2.967
21,13,2.4
21,14,3.857
21,15,3.556
21,16,4.761
21,17,4.829
21,18,4.044
21,19,5.06
21,20,0.82
21,21,0
21,22,1.448
21,23,1.984
21,24,2.025
21,25,1.862
21,26,1.941
21,27,2.62
21,28,2.25
21,29,1.757
21,30,2.802
21,31,2.224
21,32,1.529
21,33,4.244
21,34,2.961
21,35,2.903
21,36,3.774
21,37,2.26
21,38,3.622
21,39,4.143
21,40,2.91
21,41,4.64
21,42,3.034
21,43,2.456
21,44,3.869
21,45,3.809
21,46,3.475
21,47,2.92
21,48,3.411
21,49,3.297
21,50,4.157
21,51,4.01
21,52,3.631
21,53,3.608
21,54,4.107
21,55,4.231
21,56,4.143
21,57,3.983
21,58,4.94
21,59,5.444
22,1,0.944
22,2,0.815
22,3,0.833
22,4,0.457
22,5,0.106
22,6,0.219
22,7,0.891
22,8,1.627
22,9,1.213
22,10,1.277
22,11,3.083
22,12,1.673
22,13,2.176
22,14,2.488
22,15,2.489
22,16,3.392
22,17,3.46
22,18,2.977
22,19,3.993
22,20,0.628
22,21,1.209
22,22,0
22,23,0.536
22,24,0.577
22,25,0.414
22,26,0.493
22,27,1.172
22,28,0.802
22,29,0.436
22,30,1.354
22,31,0.903
22,32,1.305
22,33,2.875
22,34,1.513
22,35,1.534
22,36,2.405
22,37,0.966
22,38,2.392
22,39,2.774
22,40,1.843
22,41,3.271
22,42,1.967
22,43,2.232
22,44,2.556
22,45,2.685
22,46,2.408
22,47,2.156
22,48,2.344
22,49,2.533
22,50,2.788
22,51,2.886
22,52,2.564
22,53,2.541
22,54,2.983
22,55,3.107
22,56,3.076
22,57,3.219
22,58,3.873
22,59,4.075
23,1,0.408
23,2,0.279
23,3,0.297
23,4,0.056
23,5,0.394
23,6,0.631
23,7,1.303
23,8,1.091
23,9,1.077
23,10,1.689
23,11,2.654
23,12,2.085
23,13,2.588
23,14,2.151
23,15,2.441
23,16,3.055
23,17,3.123
23,18,3.389
23,19,3.76
23,20,0.99
23,21,1.571
23,22,0.5
23,23,0
23,24,0.041
23,25,0.086
23,26,0.357
23,27,0.636
23,28,0.666
23,29,0.848
23,30,0.818
23,31,1.315
23,32,1.717
23,33,2.446
23,34,0.977
23,35,1.197
23,36,2.068
23,37,1.378
23,38,2.256
23,39,2.437
23,40,2.255
23,41,2.934
23,42,2.379
23,43,2.644
23,44,2.219
23,45,2.348
23,46,2.36
23,47,2.568
23,48,2.756
23,49,2.945
23,50,2.451
23,51,2.549
23,52,2.516
23,53,2.764
23,54,2.646
23,55,2.77
23,56,3.447
23,57,3.631
23,58,3.64
23,59,3.738
24,1,0.437
24,2,0.308
24,3,0.256
24,4,0.085
24,5,0.423
24,6,0.66
24,7,1.332
24,8,1.05
24,9,1.106
24,10,1.718
24,11,2.613
24,12,2.114
24,13,2.617
24,14,2.11
24,15,2.47
24,16,3.014
24,17,3.082
24,18,3.418
24,19,3.719
24,20,1.019
24,21,1.6
24,22,0.529
24,23,0.029
24,24,0
24,25,0.115
24,26,0.386
24,27,0.595
24,28,0.695
24,29,0.877
24,30,0.777
24,31,1.344
24,32,1.746
24,33,2.405
24,34,0.936
24,35,1.156
24,36,2.027
24,37,1.407
24,38,2.285
24,39,2.396
24,40,2.284
24,41,2.893
24,42,2.408
24,43,2.673
24,44,2.178
24,45,2.307
24,46,2.389
24,47,2.597
24,48,2.785
24,49,2.974
24,50,2.41
24,51,2.508
24,52,2.545
24,53,2.793
24,54,2.605
24,55,2.729
24,56,3.476
24,57,3.66
24,58,3.599
24,59,3.697
25,1,0.53
25,2,0.401
25,3,0.419
25,4,0.043
25,5,0.308
25,6,0.545
25,7,1.217
25,8,1.213
25,9,0.991
25,10,1.603
25,11,2.776
25,12,1.999
25,13,2.502
25,14,2.266
25,15,2.355
25,16,3.17
25,17,3.238
25,18,3.303
25,19,3.875
25,20,1.042
25,21,1.623
25,22,0.414
25,23,0.122
25,24,0.163
25,25,0
25,26,0.271
25,27,0.758
25,28,0.58
25,29,0.762
25,30,0.94
25,31,1.229
25,32,1.631
25,33,2.568
25,34,1.099
25,35,1.312
25,36,2.183
25,37,1.292
25,38,2.17
25,39,2.552
25,40,2.169
25,41,3.049
25,42,2.293
25,43,2.558
25,44,2.334
25,45,2.463
25,46,2.274
25,47,2.482
25,48,2.67
25,49,2.859
25,50,2.566
25,51,2.664
25,52,2.43
25,53,2.678
25,54,2.761
25,55,2.885
25,56,3.361
25,57,3.545
25,58,3.755
25,59,3.853
26,1,0.801
26,2,0.672
26,3,0.69
26,4,0.314
26,5,0.579
26,6,0.274
26,7,0.946
26,8,1.226
26,9,0.72
26,10,1.332
26,11,2.59
26,12,1.728
26,13,2.231
26,14,1.995
26,15,2.084
26,16,2.899
26,17,2.967
26,18,3.032
26,19,3.604
26,20,1.121
26,21,1.702
26,22,0.493
26,23,0.393
26,24,0.434
26,25,0.271
26,26,0
26,27,0.771
26,28,0.309
26,29,0.491
26,30,0.953
26,31,0.958
26,32,1.36
26,33,2.382
26,34,1.112
26,35,1.041
26,36,1.912
26,37,1.021
26,38,1.899
26,39,2.281
26,40,1.898
26,41,2.778
26,42,2.022
26,43,2.287
26,44,2.063
26,45,2.192
26,46,2.003
26,47,2.211
26,48,2.399
26,49,2.588
26,50,2.295
26,51,2.393
26,52,2.159
26,53,2.407
26,54,2.49
26,55,2.614
26,56,3.09
26,57,3.274
26,58,3.484
26,59,3.582
27,1,0.859
27,2,0.73
27,3,0.678
27,4,0.507
27,5,0.845
27,6,0.82
27,7,1.134
27,8,0.455
27,9,0.738
27,10,1.365
27,11,2.018
27,12,1.761
27,13,2.292
27,14,1.515
27,15,1.891
27,16,2.419
27,17,2.487
27,18,2.967
27,19,3.124
27,20,1.441
27,21,2.022
27,22,0.951
27,23,0.451
27,24,0.422
27,25,0.537
27,26,0.546
27,27,0
27,28,0.327
27,29,0.679
27,30,0.182
27,31,0.991
27,32,1.548
27,33,1.81
27,34,0.341
27,35,0.561
27,36,1.432
27,37,1.054
27,38,1.758
27,39,1.801
27,40,1.931
27,41,2.298
27,42,2.055
27,43,2.348
27,44,1.583
27,45,1.712
27,46,1.862
27,47,2.244
27,48,2.354
27,49,2.543
27,50,1.815
27,51,1.913
27,52,1.966
27,53,2.214
27,54,2.01
27,55,2.134
27,56,2.897
27,57,3.229
27,58,3.004
27,59,3.102
28,1,1.02
28,2,0.891
28,3,0.909
28,4,0.533
28,5,0.798
28,6,0.493
28,7,0.807
28,8,0.917
28,9,0.411
28,10,1.038
28,11,2.281
28,12,1.434
28,13,1.965
28,14,1.686
28,15,1.775
28,16,2.59
28,17,2.658
28,18,2.738
28,19,3.295
28,20,1.34
28,21,1.921
28,22,0.712
28,23,0.612
28,24,0.653
28,25,0.49
28,26,0.219
28,27,0.462
28,28,0
28,29,0.352
28,30,0.644
28,31,0.664
28,32,1.221
28,33,2.073
28,34,0.803
28,35,0.732
28,36,1.603
28,37,0.727
28,38,1.59
28,39,1.972
28,40,1.604
28,41,2.469
28,42,1.728
28,43,2.021
28,44,1.754
28,45,1.883
28,46,1.694
28,47,1.917
28,48,2.105
28,49,2.294
28,50,1.986
28,51,2.084
28,52,1.85
28,53,2.098
28,54,2.181
28,55,2.305
28,56,2.781
28,57,2.98
28,58,3.175
28,59,3.273
29,1,1.292
29,2,1.163
29,3,1.181
29,4,0.805
29,5,0.542
29,6,0.217
29,7,0.455
29,8,1.414
29,9,0.825
29,10,0.841
29,11,2.695
29,12,1.237
29,13,1.74
29,14,2.1
29,15,2.053
29,16,3.004
29,17,3.072
29,18,2.541
29,19,3.557
29,20,1.064
29,21,1.57
29,22,0.436
29,23,0.884
29,24,0.925
29,25,0.762
29,26,0.491
29,27,0.959
29,28,0.497
29,29,0
29,30,1.141
29,31,0.467
29,32,0.869
29,33,2.487
29,34,1.3
29,35,1.146
29,36,2.017
29,37,0.53
29,38,2.004
29,39,2.386
29,40,1.407
29,41,2.883
29,42,1.531
29,43,1.796
29,44,2.168
29,45,2.297
29,46,1.972
29,47,1.72
29,48,1.908
29,49,2.097
29,50,2.4
29,51,2.498
29,52,2.128
29,53,2.105
29,54,2.595
29,55,2.719
29,56,2.64
29,57,2.783
29,58,3.437
29,59,3.687
30,1,0.988
30,2,0.859
30,3,0.807
30,4,0.636
30,5,0.974
30,6,0.949
30,7,1.263
30,8,0.273
30,9,0.606
30,10,1.233
30,11,1.836
30,12,1.629
30,13,2.16
30,14,1.333
30,15,1.709
30,16,2.237
30,17,2.305
30,18,2.785
30,19,2.942
30,20,1.57
30,21,2.151
30,22,1.08
30,23,0.58
30,24,0.551
30,25,0.666
30,26,0.675
30,27,0.129
30,28,0.456
30,29,0.808
30,30,0
30,31,0.859
30,32,1.44
30,33,1.628
30,34,0.159
30,35,0.379
30,36,1.25
30,37,0.922
30,38,1.576
30,39,1.619
30,40,1.799
30,41,2.116
30,42,1.923
30,43,2.216
30,44,1.401
30,45,1.53
30,46,1.68
30,47,2.112
30,48,2.172
30,49,2.361
30,50,1.633
30,51,1.731
30,52,1.784
30,53,2.032
30,54,1.828
30,55,1.952
30,56,2.715
30,57,3.047
30,58,2.822
30,59,2.92
31,1,1.759
31,2,1.63
31,3,1.648
31,4,1.272
31,5,1.009
31,6,0.684
31,7,0.922
31,8,1.22
31,9,0.358
31,10,0.374
31,11,2.228
31,12,0.77
31,13,1.301
31,14,1.633
31,15,1.586
31,16,2.537
31,17,2.605
31,18,2.074
31,19,3.09
31,20,1.531
31,21,2.037
31,22,0.903
31,23,1.351
31,24,1.392
31,25,1.229
31,26,0.958
31,27,1.076
31,28,0.769
31,29,0.467
31,30,0.947
31,31,0
31,32,0.581
31,33,2.02
31,34,1.106
31,35,0.679
31,36,1.55
31,37,0.063
31,38,1.537
31,39,1.919
31,40,0.94
31,41,2.416
31,42,1.064
31,43,1.357
31,44,1.701
31,45,1.83
31,46,1.505
31,47,1.253
31,48,1.441
31,49,1.63
31,50,1.933
31,51,2.031
31,52,1.661
31,53,1.638
31,54,2.128
31,55,2.252
31,56,2.173
31,57,2.316
31,58,2.97
31,59,3.22
32,1,2.348
32,2,2.219
32,3,2.237
32,4,1.861
32,5,1.598
32,6,1.273
32,7,0.414
32,8,2.04
32,9,1.178
32,10,1.042
32,11,3.048
32,12,1.438
32,13,0.871
32,14,2.453
32,15,2.027
32,16,3.357
32,17,3.425
32,18,2.515
32,19,3.531
32,20,2.12
32,21,1.529
32,22,1.492
32,23,1.94
32,24,1.981
32,25,1.818
32,26,1.547
32,27,1.896
32,28,1.553
32,29,1.056
32,30,1.767
32,31,0.82
32,32,0
32,33,2.84
32,34,1.926
32,35,1.499
32,36,2.37
32,37,0.731
32,38,2.093
32,39,2.739
32,40,1.381
32,41,3.236
32,42,1.505
32,43,0.927
32,44,2.34
32,45,2.28
32,46,1.946
32,47,1.391
32,48,1.882
32,49,1.768
32,50,2.753
32,51,2.481
32,52,2.102
32,53,2.079
32,54,2.578
32,55,2.702
32,56,2.614
32,57,2.454
32,58,3.411
32,59,4.04
33,1,2.085
33,2,1.956
33,3,1.904
33,4,1.733
33,5,2.071
33,6,2.046
33,7,2.36
33,8,0.96
33,9,1.474
33,10,1.544
33,11,0.208
33,12,1.263
33,13,1.504
33,14,0.254
33,15,0.772
33,16,0.865
33,17,0.933
33,18,1.848
33,19,2.005
33,20,2.667
33,21,3.248
33,22,2.177
33,23,1.677
33,24,1.648
33,25,1.763
33,26,1.772
33,27,1.226
33,28,1.553
33,29,1.905
33,30,1.097
33,31,1.727
33,32,2.282
33,33,0
33,34,1.017
33,35,1.476
33,36,0.313
33,37,1.764
33,38,0.639
33,39,0.051
33,40,1.143
33,41,0.744
33,42,1.055
33,43,1.56
33,44,0.464
33,45,0.593
33,46,0.743
33,47,1.244
33,48,1.235
33,49,1.424
33,50,0.554
33,51,0.794
33,52,0.847
33,53,1.095
33,54,0.891
33,55,1.015
33,56,1.778
33,57,2.11
33,58,1.885
33,59,1.548
34,1,1.068
34,2,0.939
34,3,0.887
34,4,0.716
34,5,1.054
34,6,1.029
34,7,1.343
34,8,0.114
34,9,0.686
34,10,1.313
34,11,1.677
34,12,1.709
34,13,2.24
34,14,1.413
34,15,1.789
34,16,2.317
34,17,2.385
34,18,2.865
34,19,3.022
34,20,1.65
34,21,2.231
34,22,1.16
34,23,0.66
34,24,0.631
34,25,0.746
34,26,0.755
34,27,0.209
34,28,0.536
34,29,0.888
34,30,0.08
34,31,0.939
34,32,1.52
34,33,1.469
34,34,0
34,35,0.459
34,36,1.33
34,37,1.002
34,38,1.656
34,39,1.52
34,40,1.879
34,41,2.196
34,42,2.003
34,43,2.296
34,44,1.481
34,45,1.61
34,46,1.76
34,47,2.192
34,48,2.252
34,49,2.441
34,50,1.713
34,51,1.811
34,52,1.864
34,53,2.112
34,54,1.908
34,55,2.032
34,56,2.795
34,57,3.127
34,58,2.902
34,59,3
35,1,1.256
35,2,1.127
35,3,1.075
35,4,0.904
35,5,1.242
35,6,1.131
35,7,1.402
35,8,0.541
35,9,0.227
35,10,0.854
35,11,1.549
35,12,1.25
35,13,1.781
35,14,0.954
35,15,1.33
35,16,1.858
35,17,1.926
35,18,2.406
35,19,2.563
35,20,1.838
35,21,2.419
35,22,1.348
35,23,0.848
35,24,0.819
35,25,0.934
35,26,0.857
35,27,0.397
35,28,0.638
35,29,0.947
35,30,0.268
35,31,0.48
35,32,1.061
35,33,1.341
35,34,0.427
35,35,0
35,36,0.871
35,37,0.543
35,38,1.197
35,39,1.24
35,40,1.42
35,41,1.737
35,42,1.544
35,43,1.837
35,44,1.022
35,45,1.151
35,46,1.301
35,47,1.733
35,48,1.793
35,49,1.982
35,50,1.254
35,51,1.352
35,52,1.405
35,53,1.653
35,54,1.449
35,55,1.573
35,56,2.336
35,57,2.668
35,58,2.443
35,59,2.541
36,1,2.485
36,2,2.356
36,3,2.304
36,4,2.105
36,5,2.37
36,6,2.065
36,7,2.336
36,8,1.43
36,9,1.161
36,10,1.231
36,11,0.678
36,12,0.95
36,13,1.191
36,14,0.083
36,15,0.459
36,16,0.987
36,17,1.055
36,18,1.535
36,19,1.692
36,20,2.912
36,21,3.451
36,22,2.284
36,23,2.077
36,24,2.048
36,25,2.062
36,26,1.791
36,27,1.626
36,28,1.572
36,29,1.881
36,30,1.497
36,31,1.414
36,32,1.969
36,33,0.47
36,34,1.487
36,35,1.229
36,36,0
36,37,1.451
36,38,0.326
36,39,0.369
36,40,0.83
36,41,0.866
36,42,0.742
36,43,1.247
36,44,0.151
36,45,0.28
36,46,0.43
36,47,0.931
36,48,0.922
36,49,1.111
36,50,0.383
36,51,0.481
36,52,0.534
36,53,0.782
36,54,0.578
36,55,0.702
36,56,1.465
36,57,1.797
36,58,1.572
36,59,1.67
37,1,1.848
37,2,1.719
37,3,1.737
37,4,1.361
37,5,1.098
37,6,0.773
37,7,0.932
37,8,1.309
37,9,0.447
37,10,0.311
37,11,2.317
37,12,0.707
37,13,1.238
37,14,1.722
37,15,1.523
37,16,2.626
37,17,2.694
37,18,2.011
37,19,3.027
37,20,1.62
37,21,2.047
37,22,0.992
37,23,1.44
37,24,1.481
37,25,1.318
37,26,1.047
37,27,1.165
37,28,0.858
37,29,0.556
37,30,1.036
37,31,0.089
37,32,0.518
37,33,2.109
37,34,1.195
37,35,0.768
37,36,1.639
37,37,0
37,38,1.589
37,39,2.008
37,40,0.877
37,41,2.505
37,42,1.001
37,43,1.294
37,44,1.79
37,45,1.776
37,46,1.442
37,47,1.19
37,48,1.378
37,49,1.567
37,50,2.022
37,51,1.977
37,52,1.598
37,53,1.575
37,54,2.074
37,55,2.198
37,56,2.11
37,57,2.253
37,58,2.907
37,59,3.309
38,1,2.266
38,2,2.137
38,3,2.155
38,4,1.779
38,5,2.044
38,6,1.739
38,7,2.01
38,8,1.697
38,9,0.835
38,10,0.905
38,11,1.138
38,12,0.624
38,13,0.865
38,14,0.543
38,15,0.185
38,16,1.447
38,17,1.515
38,18,1.261
38,19,1.788
38,20,2.586
38,21,3.125
38,22,1.958
38,23,1.858
38,24,1.899
38,25,1.736
38,26,1.465
38,27,1.553
38,28,1.246
38,29,1.555
38,30,1.424
38,31,1.088
38,32,1.643
38,33,0.93
38,34,1.583
38,35,1.156
38,36,0.46
38,37,1.125
38,38,0
38,39,0.829
38,40,0.504
38,41,1.326
38,42,0.416
38,43,0.921
38,44,0.247
38,45,0.376
38,46,0.104
38,47,0.605
38,48,0.648
38,49,0.837
38,50,0.843
38,51,0.577
38,52,0.26
38,53,0.508
38,54,0.674
38,55,0.798
38,56,1.191
38,57,1.523
38,58,1.668
38,59,2.13
39,1,2.186
39,2,2.057
39,3,2.005
39,4,1.834
39,5,2.172
39,6,2.147
39,7,2.461
39,8,1.061
39,9,1.423
39,10,1.493
39,11,0.309
39,12,1.212
39,13,1.453
39,14,0.203
39,15,0.721
39,16,0.966
39,17,1.034
39,18,1.797
39,19,1.954
39,20,2.768
39,21,3.349
39,22,2.278
39,23,1.778
39,24,1.749
39,25,1.864
39,26,1.873
39,27,1.327
39,28,1.654
39,29,2.006
39,30,1.198
39,31,1.676
39,32,2.231
39,33,0.101
39,34,1.118
39,35,1.491
39,36,0.262
39,37,1.713
39,38,0.588
39,39,0
39,40,1.092
39,41,0.845
39,42,1.004
39,43,1.509
39,44,0.413
39,45,0.542
39,46,0.692
39,47,1.193
39,48,1.184
39,49,1.373
39,50,0.503
39,51,0.743
39,52,0.796
39,53,1.044
39,54,0.84
39,55,0.964
39,56,1.727
39,57,2.059
39,58,1.834
39,59,1.649
40,1,2.469
40,2,2.34
40,3,2.358
40,4,1.982
40,5,1.719
40,6,1.394
40,7,1.553
40,8,1.93
40,9,1.068
40,10,0.401
40,11,1.85
40,12,0.12
40,13,0.361
40,14,1.255
40,15,0.646
40,16,2.098
40,17,2.166
40,18,1.134
40,19,2.15
40,20,2.241
40,21,2.668
40,22,1.613
40,23,2.061
40,24,2.102
40,25,1.939
40,26,1.668
40,27,1.786
40,28,1.479
40,29,1.177
40,30,1.657
40,31,0.71
40,32,1.139
40,33,1.642
40,34,1.816
40,35,1.389
40,36,1.172
40,37,0.621
40,38,0.712
40,39,1.541
40,40,0
40,41,1.977
40,42,0.124
40,43,0.417
40,44,0.959
40,45,0.899
40,46,0.565
40,47,0.313
40,48,0.501
40,49,0.69
40,50,1.494
40,51,1.1
40,52,0.721
40,53,0.698
40,54,1.197
40,55,1.321
40,56,1.233
40,57,1.376
40,58,2.03
40,59,2.781
41,1,2.725
41,2,2.596
41,3,2.544
41,4,2.373
41,5,2.711
41,6,2.578
41,7,2.849
41,8,1.6
41,9,1.674
41,10,1.724
41,11,0.536
41,12,1.443
41,13,1.684
41,14,0.454
41,15,0.842
41,16,0.121
41,17,0.189
41,18,1.823
41,19,1.339
41,20,3.307
41,21,3.888
41,22,2.797
41,23,2.317
41,24,2.288
41,25,2.403
41,26,2.304
41,27,1.866
41,28,2.085
41,29,2.394
41,30,1.737
41,31,1.927
41,32,2.462
41,33,0.64
41,34,1.657
41,35,1.742
41,36,0.513
41,37,1.944
41,38,0.839
41,39,0.691
41,40,1.323
41,41,0
41,42,1.235
41,43,1.74
41,44,0.664
41,45,0.663
41,46,0.923
41,47,1.424
41,48,1.21
41,49,1.399
41,50,0.242
41,51,0.521
41,52,0.917
41,53,1.07
41,54,0.618
41,55,0.626
41,56,1.753
41,57,2.085
41,58,1.496
41,59,0.804
42,1,2.557
42,2,2.428
42,3,2.446
42,4,2.07
42,5,1.807
42,6,1.482
42,7,1.641
42,8,2.018
42,9,1.156
42,10,0.489
42,11,1.726
42,12,0.208
42,13,0.449
42,14,1.131
42,15,0.522
42,16,1.974
42,17,2.042
42,18,1.01
42,19,2.026
42,20,2.329
42,21,2.756
42,22,1.701
42,23,2.149
42,24,2.19
42,25,2.027
42,26,1.756
42,27,1.874
42,28,1.567
42,29,1.265
42,30,1.745
42,31,0.798
42,32,1.227
42,33,1.518
42,34,1.904
42,35,1.477
42,36,1.048
42,37,0.709
42,38,0.588
42,39,1.417
42,40,0.088
42,41,1.853
42,42,0
42,43,0.505
42,44,0.835
42,45,0.775
42,46,0.441
42,47,0.189
42,48,0.377
42,49,0.566
42,50,1.37
42,51,0.976
42,52,0.597
42,53,0.574
42,54,1.073
42,55,1.197
42,56,1.109
42,57,1.252
42,58,1.906
42,59,2.657
43,1,3.035
43,2,2.906
43,3,2.924
43,4,2.548
43,5,2.285
43,6,1.96
43,7,1.341
43,8,2.496
43,9,1.634
43,10,0.967
43,11,2.416
43,12,0.686
43,13,0.056
43,14,1.821
43,15,1.212
43,16,2.664
43,17,2.732
43,18,1.7
43,19,2.716
43,20,2.807
43,21,2.456
43,22,2.179
43,23,2.627
43,24,2.668
43,25,2.505
43,26,2.234
43,27,2.352
43,28,2.045
43,29,1.743
43,30,2.223
43,31,1.276
43,32,0.927
43,33,2.208
43,34,2.382
43,35,1.955
43,36,1.738
43,37,1.187
43,38,1.278
43,39,2.107
43,40,0.566
43,41,2.543
43,42,0.69
43,43,0
43,44,1.525
43,45,1.465
43,46,1.131
43,47,0.464
43,48,1.067
43,49,0.841
43,50,2.06
43,51,1.666
43,52,1.287
43,53,1.264
43,54,1.763
43,55,1.887
43,56,1.799
43,57,1.527
43,58,2.596
43,59,3.347
44,1,2.441
44,2,2.312
44,3,2.33
44,4,1.954
44,5,2.219
44,6,1.914
44,7,2.185
44,8,1.643
44,9,1.01
44,10,1.08
44,11,0.891
44,12,0.799
44,13,1.04
44,14,0.296
44,15,0.308
44,16,1.2
44,17,1.268
44,18,1.384
44,19,1.541
44,20,2.761
44,21,3.3
44,22,2.133
44,23,2.033
44,24,2.074
44,25,1.911
44,26,1.64
44,27,1.728
44,28,1.421
44,29,1.73
44,30,1.599
44,31,1.263
44,32,1.818
44,33,0.683
44,34,1.7
44,35,1.331
44,36,0.213
44,37,1.3
44,38,0.175
44,39,0.582
44,40,0.679
44,41,1.079
44,42,0.591
44,43,1.096
44,44,0
44,45,0.129
44,46,0.279
44,47,0.78
44,48,0.771
44,49,0.96
44,50,0.596
44,51,0.33
44,52,0.383
44,53,0.631
44,54,0.427
44,55,0.551
44,56,1.314
44,57,1.646
44,58,1.421
44,59,1.883
45,1,2.57
45,2,2.441
45,3,2.459
45,4,2.083
45,5,2.348
45,6,2.043
45,7,2.213
45,8,1.772
45,9,1.139
45,10,1.061
45,11,1.02
45,12,0.78
45,13,1.021
45,14,0.425
45,15,0.179
45,16,1.199
45,17,1.267
45,18,1.255
45,19,1.412
45,20,2.89
45,21,3.328
45,22,2.262
45,23,2.162
45,24,2.203
45,25,2.04
45,26,1.769
45,27,1.857
45,28,1.55
45,29,1.837
45,30,1.728
45,31,1.37
45,32,1.799
45,33,0.812
45,34,1.829
45,35,1.46
45,36,0.342
45,37,1.281
45,38,0.304
45,39,0.711
45,40,0.66
45,41,1.078
45,42,0.572
45,43,1.077
45,44,0.129
45,45,0
45,46,0.26
45,47,0.761
45,48,0.642
45,49,0.831
45,50,0.595
45,51,0.201
45,52,0.254
45,53,0.502
45,54,0.298
45,55,0.422
45,56,1.185
45,57,1.517
45,58,1.292
45,59,1.882
46,1,2.413
46,2,2.284
46,3,2.302
46,4,1.926
46,5,2.119
46,6,1.794
46,7,1.953
46,8,1.844
46,9,0.982
46,10,0.801
46,11,1.285
46,12,0.52
46,13,0.761
46,14,0.69
46,15,0.081
46,16,1.533
46,17,1.601
46,18,1.157
46,19,1.746
46,20,2.641
46,21,3.068
46,22,2.013
46,23,2.005
46,24,2.046
46,25,1.883
46,26,1.612
46,27,1.7
46,28,1.393
46,29,1.577
46,30,1.571
46,31,1.11
46,32,1.539
46,33,1.077
46,34,1.73
46,35,1.303
46,36,0.607
46,37,1.021
46,38,0.147
46,39,0.976
46,40,0.4
46,41,1.412
46,42,0.312
46,43,0.817
46,44,0.394
46,45,0.334
46,46,0
46,47,0.501
46,48,0.544
46,49,0.733
46,50,0.929
46,51,0.535
46,52,0.156
46,53,0.404
46,54,0.632
46,55,0.756
46,56,1.087
46,57,1.419
46,58,1.626
46,59,2.216
47,1,2.824
47,2,2.695
47,3,2.713
47,4,2.337
47,5,2.074
47,6,1.749
47,7,1.67
47,8,2.285
47,9,1.423
47,10,0.756
47,11,1.993
47,12,0.475
47,13,0.385
47,14,1.398
47,15,0.789
47,16,2.241
47,17,2.309
47,18,1.277
47,19,2.293
47,20,2.596
47,21,2.785
47,22,1.968
47,23,2.416
47,24,2.457
47,25,2.294
47,26,2.023
47,27,2.141
47,28,1.834
47,29,1.532
47,30,2.012
47,31,1.065
47,32,1.256
47,33,1.785
47,34,2.171
47,35,1.744
47,36,1.315
47,37,0.976
47,38,0.855
47,39,1.684
47,40,0.355
47,41,2.12
47,42,0.267
47,43,0.329
47,44,1.102
47,45,1.042
47,46,0.708
47,47,0
47,48,0.644
47,49,0.377
47,50,1.637
47,51,1.243
47,52,0.864
47,53,0.841
47,54,1.34
47,55,1.464
47,56,1.376
47,57,1.063
47,58,2.173
47,59,2.924
48,1,2.934
48,2,2.805
48,3,2.823
48,4,2.447
48,5,2.184
48,6,1.859
48,7,2.018
48,8,2.395
48,9,1.533
48,10,0.866
48,11,1.824
48,12,0.585
48,13,0.826
48,14,1.229
48,15,0.551
48,16,1.901
48,17,1.834
48,18,0.633
48,19,1.649
48,20,2.706
48,21,3.133
48,22,2.078
48,23,2.526
48,24,2.567
48,25,2.404
48,26,2.133
48,27,2.251
48,28,1.944
48,29,1.642
48,30,2.122
48,31,1.175
48,32,1.604
48,33,1.616
48,34,2.281
48,35,1.854
48,36,1.146
48,37,1.086
48,38,0.779
48,39,1.515
48,40,0.465
48,41,1.78
48,42,0.377
48,43,0.882
48,44,0.933
48,45,0.804
48,46,0.632
48,47,0.566
48,48,0
48,49,0.189
48,50,1.297
48,51,0.903
48,52,0.445
48,53,0.197
48,54,0.835
48,55,0.959
48,56,0.732
48,57,0.875
48,58,1.529
48,59,2.405
49,1,3.201
49,2,3.072
49,3,3.09
49,4,2.714
49,5,2.451
49,6,2.126
49,7,2.047
49,8,2.662
49,9,1.8
49,10,1.133
49,11,2.091
49,12,0.852
49,13,0.762
49,14,1.496
49,15,0.818
49,16,2.168
49,17,2.101
49,18,0.9
49,19,1.916
49,20,2.973
49,21,3.162
49,22,2.345
49,23,2.793
49,24,2.834
49,25,2.671
49,26,2.4
49,27,2.518
49,28,2.211
49,29,1.909
49,30,2.389
49,31,1.442
49,32,1.633
49,33,1.883
49,34,2.548
49,35,2.121
49,36,1.413
49,37,1.353
49,38,1.046
49,39,1.782
49,40,0.732
49,41,2.047
49,42,0.644
49,43,0.706
49,44,1.2
49,45,1.071
49,46,0.899
49,47,0.377
49,48,0.267
49,49,0
49,50,1.564
49,51,1.17
49,52,0.712
49,53,0.464
49,54,1.102
49,55,1.226
49,56,0.999
49,57,0.686
49,58,1.796
49,59,2.672
50,1,2.684
50,2,2.555
50,3,2.503
50,4,2.332
50,5,2.641
50,6,2.336
50,7,2.607
50,8,1.559
50,9,1.432
50,10,1.482
50,11,0.807
50,12,1.201
50,13,1.442
50,14,0.212
50,15,0.6
50,16,0.604
50,17,0.672
50,18,1.581
50,19,1.49
50,20,3.183
50,21,3.722
50,22,2.555
50,23,2.276
50,24,2.247
50,25,2.333
50,26,2.062
50,27,1.825
50,28,1.843
50,29,2.152
50,30,1.696
50,31,1.685
50,32,2.22
50,33,0.599
50,34,1.616
50,35,1.5
50,36,0.271
50,37,1.702
50,38,0.597
50,39,0.498
50,40,1.081
50,41,0.483
50,42,0.993
50,43,1.498
50,44,0.422
50,45,0.421
50,46,0.681
50,47,1.182
50,48,0.968
50,49,1.157
50,50,0
50,51,0.279
50,52,0.675
50,53,0.828
50,54,0.376
50,55,0.5
50,56,1.511
50,57,1.843
50,58,1.37
50,59,1.287
51,1,2.712
51,2,2.583
51,3,2.601
51,4,2.225
51,5,2.49
51,6,2.185
51,7,2.355
51,8,1.914
51,9,1.281
51,10,1.203
51,11,1.162
51,12,0.922
51,13,1.163
51,14,0.567
51,15,0.321
51,16,0.998
51,17,1.066
51,18,1.302
51,19,1.211
51,20,3.032
51,21,3.47
51,22,2.404
51,23,2.304
51,24,2.345
51,25,2.182
51,26,1.911
51,27,1.999
51,28,1.692
51,29,1.979
51,30,1.87
51,31,1.512
51,32,1.941
51,33,0.954
51,34,1.971
51,35,1.602
51,36,0.484
51,37,1.423
51,38,0.446
51,39,0.853
51,40,0.802
51,41,0.877
51,42,0.714
51,43,1.219
51,44,0.271
51,45,0.142
51,46,0.402
51,47,0.903
51,48,0.689
51,49,0.878
51,50,0.394
51,51,0
51,52,0.396
51,53,0.549
51,54,0.097
51,55,0.221
51,56,1.232
51,57,1.564
51,58,1.091
51,59,1.681
52,1,2.6
52,2,2.471
52,3,2.489
52,4,2.113
52,5,2.306
52,6,1.981
52,7,2.14
52,8,2.031
52,9,1.169
52,10,0.988
52,11,1.379
52,12,0.707
52,13,0.948
52,14,0.784
52,15,0.106
52,16,1.558
52,17,1.626
52,18,1.001
52,19,1.771
52,20,2.828
52,21,3.255
52,22,2.2
52,23,2.192
52,24,2.233
52,25,2.07
52,26,1.799
52,27,1.887
52,28,1.58
52,29,1.764
52,30,1.758
52,31,1.297
52,32,1.726
52,33,1.171
52,34,1.917
52,35,1.49
52,36,0.701
52,37,1.208
52,38,0.334
52,39,1.07
52,40,0.587
52,41,1.437
52,42,0.499
52,43,1.004
52,44,0.488
52,45,0.359
52,46,0.187
52,47,0.688
52,48,0.388
52,49,0.577
52,50,0.954
52,51,0.56
52,52,0
52,53,0.248
52,54,0.657
52,55,0.781
52,56,0.931
52,57,1.263
52,58,1.651
52,59,2.241
53,1,2.848
53,2,2.719
53,3,2.737
53,4,2.361
53,5,2.324
53,6,1.999
53,7,2.158
53,8,2.279
53,9,1.417
53,10,1.006
53,11,1.627
53,12,0.725
53,13,0.966
53,14,1.032
53,15,0.354
53,16,1.704
53,17,1.637
53,18,0.753
53,19,1.6
53,20,2.846
53,21,3.273
53,22,2.218
53,23,2.44
53,24,2.481
53,25,2.318
53,26,2.047
53,27,2.135
53,28,1.828
53,29,1.782
53,30,2.006
53,31,1.315
53,32,1.744
53,33,1.419
53,34,2.165
53,35,1.738
53,36,0.949
53,37,1.226
53,38,0.582
53,39,1.318
53,40,0.605
53,41,1.583
53,42,0.517
53,43,1.022
53,44,0.736
53,45,0.607
53,46,0.435
53,47,0.706
53,48,0.14
53,49,0.329
53,50,1.1
53,51,0.706
53,52,0.248
53,53,0
53,54,0.638
53,55,0.762
53,56,0.683
53,57,1.015
53,58,1.48
53,59,2.252
54,1,2.78
54,2,2.651
54,3,2.669
54,4,2.293
54,5,2.558
54,6,2.253
54,7,2.423
54,8,1.982
54,9,1.349
54,10,1.271
54,11,1.23
54,12,0.99
54,13,1.231
54,14,0.635
54,15,0.389
54,16,1.066
54,17,0.999
54,18,1.205
54,19,1.114
54,20,3.1
54,21,3.538
54,22,2.472
54,23,2.372
54,24,2.413
54,25,2.25
54,26,1.979
54,27,2.067
54,28,1.76
54,29,2.047
54,30,1.938
54,31,1.58
54,32,2.009
54,33,1.022
54,34,2.039
54,35,1.67
54,36,0.552
54,37,1.491
54,38,0.514
54,39,0.921
54,40,0.87
54,41,0.945
54,42,0.782
54,43,1.287
54,44,0.339
54,45,0.21
54,46,0.47
54,47,0.971
54,48,0.592
54,49,0.781
54,50,0.462
54,51,0.068
54,52,0.464
54,53,0.452
54,54,0
54,55,0.124
54,56,1.135
54,57,1.467
54,58,0.994
54,59,1.614
55,1,2.868
55,2,2.739
55,3,2.757
55,4,2.381
55,5,2.646
55,6,2.341
55,7,2.511
55,8,2.07
55,9,1.437
55,10,1.359
55,11,1.318
55,12,1.078
55,13,1.319
55,14,0.723
55,15,0.477
55,16,0.972
55,17,0.875
55,18,1.293
55,19,0.99
55,20,3.188
55,21,3.626
55,22,2.56
55,23,2.46
55,24,2.501
55,25,2.338
55,26,2.067
55,27,2.155
55,28,1.848
55,29,2.135
55,30,2.026
55,31,1.668
55,32,2.097
55,33,1.11
55,34,2.127
55,35,1.758
55,36,0.64
55,37,1.579
55,38,0.602
55,39,1.009
55,40,0.958
55,41,1.032
55,42,0.87
55,43,1.375
55,44,0.427
55,45,0.298
55,46,0.558
55,47,1.059
55,48,0.68
55,49,0.869
55,50,0.55
55,51,0.156
55,52,0.552
55,53,0.54
55,54,0.088
55,55,0
55,56,1.223
55,57,1.555
55,58,0.87
55,59,1.49
56,1,3.531
56,2,3.402
56,3,3.42
56,4,3.044
56,5,2.887
56,6,2.562
56,7,2.721
56,8,2.962
56,9,2.1
56,10,1.569
56,11,2.31
56,12,1.288
56,13,1.529
56,14,1.715
56,15,1.037
56,16,2.204
56,17,2.107
56,18,0.07
56,19,0.917
56,20,3.409
56,21,3.836
56,22,2.781
56,23,3.123
56,24,3.164
56,25,3.001
56,26,2.73
56,27,2.818
56,28,2.511
56,29,2.345
56,30,2.689
56,31,1.878
56,32,2.307
56,33,2.102
56,34,2.848
56,35,2.421
56,36,1.632
56,37,1.789
56,38,1.265
56,39,2.001
56,40,1.168
56,41,2.264
56,42,1.08
56,43,1.585
56,44,1.419
56,45,1.29
56,46,1.118
56,47,1.269
56,48,0.703
56,49,0.892
56,50,1.782
56,51,1.388
56,52,0.931
56,53,0.683
56,54,1.32
56,55,1.232
56,56,0
56,57,1.578
56,58,0.797
56,59,1.673
57,1,3.887
57,2,3.758
57,3,3.776
57,4,3.4
57,5,3.137
57,6,2.812
57,7,2.733
57,8,3.348
57,9,2.486
57,10,1.819
57,11,2.777
57,12,1.538
57,13,1.448
57,14,2.182
57,15,1.504
57,16,2.854
57,17,2.787
57,18,1.586
57,19,2.602
57,20,3.659
57,21,3.848
57,22,3.031
57,23,3.479
57,24,3.52
57,25,3.357
57,26,3.086
57,27,3.204
57,28,2.897
57,29,2.595
57,30,3.075
57,31,2.128
57,32,2.319
57,33,2.569
57,34,3.234
57,35,2.807
57,36,2.099
57,37,2.039
57,38,1.732
57,39,2.468
57,40,1.418
57,41,2.733
57,42,1.33
57,43,1.392
57,44,1.886
57,45,1.757
57,46,1.585
57,47,1.063
57,48,0.953
57,49,0.686
57,50,2.25
57,51,1.856
57,52,1.398
57,53,1.15
57,54,1.788
57,55,1.912
57,56,1.685
57,57,0
57,58,2.482
57,59,3.358
58,1,3.303
58,2,3.174
58,3,3.192
58,4,2.816
58,5,3.081
58,6,2.776
58,7,2.946
58,8,2.505
58,9,1.872
58,10,1.794
58,11,1.753
58,12,1.513
58,13,1.754
58,14,1.158
58,15,0.912
58,16,1.407
58,17,1.31
58,18,0.469
58,19,0.12
58,20,3.623
58,21,4.061
58,22,2.995
58,23,2.895
58,24,2.936
58,25,2.773
58,26,2.502
58,27,2.59
58,28,2.283
58,29,2.57
58,30,2.461
58,31,2.103
58,32,2.532
58,33,1.545
58,34,2.562
58,35,2.193
58,36,1.075
58,37,2.014
58,38,1.037
58,39,1.444
58,40,1.393
58,41,1.467
58,42,1.305
58,43,1.81
58,44,0.862
58,45,0.733
58,46,0.993
58,47,1.494
58,48,1.102
58,49,1.291
58,50,0.985
58,51,0.591
58,52,0.987
58,53,0.975
58,54,0.523
58,55,0.435
58,56,0.399
58,57,1.977
58,58,0
58,59,0.876
59,1,3.75
59,2,3.621
59,3,3.569
59,4,3.398
59,5,3.736
59,6,3.481
59,7,3.651
59,8,2.625
59,9,2.577
59,10,2.499
59,11,1.561
59,12,2.218
59,13,2.459
59,14,1.479
59,15,1.617
59,16,0.965
59,17,0.868
59,18,1.174
59,19,0.535
59,20,4.328
59,21,4.766
59,22,3.7
59,23,3.342
59,24,3.313
59,25,3.428
59,26,3.207
59,27,2.891
59,28,2.988
59,29,3.275
59,30,2.762
59,31,2.808
59,32,3.237
59,33,1.665
59,34,2.682
59,35,2.767
59,36,1.538
59,37,2.719
59,38,1.742
59,39,1.716
59,40,2.098
59,41,1.025
59,42,2.01
59,43,2.515
59,44,1.567
59,45,1.438
59,46,1.698
59,47,2.199
59,48,1.807
59,49,1.996
59,50,1.267
59,51,1.296
59,52,1.692
59,53,1.68
59,54,1.228
59,55,1.14
59,56,1.104
59,57,2.682
59,58,0.705
59,59,0
